Question,Answer
"How do I reset my password?","You can reset your password by clicking on the 'Forgot Password' link on the login page, then following the prompts."
"Where can I view my order history?","You can view your order history by logging into your account and navigating to the 'Order History' section."
"How do I update my shipping address?","You can update your shipping address by going to the 'My Account' page, then clicking on 'Address Book' and adding or updating your address."
"What is your return policy?","Our return policy allows returns within 30 days of purchase, provided the item is in its original condition."
"Where is my order?","You can track your order status by logging into your account and going to the 'Order History' section."
"How do I contact customer support?","You can contact customer support by calling our helpline at 1-800-123-4567 or by emailing support@example.com."
"Do you offer expedited shipping?","Yes, we offer expedited shipping options at checkout for an additional fee."
"How do I cancel my order?","To cancel your order, please contact customer support as soon as possible. Note that orders already shipped cannot be canceled."
"What payment methods do you accept?","We accept Visa, MasterCard, American Express, Discover, and PayPal."
"Is my personal information secure?","Yes, we take data security very seriously and implement strong security measures to protect your personal information."
"Do you have a physical store location?","Yes, we have physical store locations. Please visit our 'Store Locator' page on our website to find a store near you."
"How do I track my shipment?","You can track your shipment by using the tracking number provided in your shipping confirmation email."
"Do you offer gift wrapping?","Yes, we offer complimentary gift wrapping at checkout."
"How do I create an account?","You can create an account by clicking on the 'Sign Up' button on our website and following the prompts."
"Can I change my order after placing it?","It may be possible to change your order if it has not yet been processed. Please contact customer support for assistance."
